,상품명
1200,아모스프로페셔널 트리트먼트
1201,아모스프로페셔널 CMC
1202,츠바키 마스크
1203,미쟝센 마스크팩
1204,로레알 파리 헤어팩
1205,모레모 B
1206,존프리다 컨디셔너
1207,아모스프로페셔널 트리트먼트
1208,아쿠아더마 헤어트리트먼트
1209,허니체 마스크
1210,헤드스파7 트리트먼트
1211,에스테티카 헤어마스크
1212,투쿨포스쿨 팩
1213,허니체 마스크
1214,허니체 와이
1215,닥터포헤어 팩
1216,팬틴 극손상케어
1217,레이티드 그린 트리트먼트
1218,모레모 X
1219,무코타 트리트먼트
1220,커리쉴 토닉
1221,피토더마 두피팅처
1222,라우쉬 토닉
1223,아모스프로페셔널 토닉
1224,테라픽 헤어토닉
1225,달리프 헤어토닉
1226,애터미 탈모케어
1227,시드물 토닉
1228,아베다 리바이탈라이저
1229,아로마티카 인핸서
1230,라우쉬 팅크처
1231,비욘드 토닉
1232,리클리 토닉
1233,닥터포헤어 토닉
1234,다슈 헤어토닉
1235,힐링버드 향
1236,프리메라 토닉
1237,달리프 스프레이
1238,닥터포헤어 이펙터
1239,어헤즈 토닉
